INSERT INTO `CATEGORIAS_MOVIMIENTOS` (`ID_CATEGORIA`, `DESCRIPCION`, `ID_TIPO_MOVIMIENTO`) VALUES
(1, 'COMPRA', 1),
(2, 'REEMBOLSO', 1),
(3, 'VENTA', 2),
(4, 'GASTO OPERATIVO', 2),
(5, 'REEMBOLSO PROVEEDOR', 2);

INSERT INTO `CIUDAD` (`ID_CIUDAD`, `NOMBRE_CIUDAD`, `ID_COMUNA`) VALUES
(1, 'SANTIAGO', 1),
(2, 'VALPARAÍSO', 2),
(3, 'CONCEPCIÓN', 3),
(4, 'ANTOFAGASTA', 4);

INSERT INTO `COMUNA` (`ID_COMUNA`, `NOMBRE_COMUNA`, `ID_REGION`) VALUES
(1, 'LAS CONDES', 1),
(2, 'VIÑA DEL MAR', 2),
(3, 'TALCAHUANO', 3),
(4, 'CENTRO', 4);

INSERT INTO `DETALLE_MOVIMIENTO` (`ID_DETALLE_MOVIMIENTO`, `ID_MOVIMIENTO`, `ID_LOTE`, `CANTIDAD`, `PRECIO`, `CREADO_EN`, `ITEM`, `ID_PRODUCTO`) VALUES
(1, 1, 1, 20, 500, '2024-09-29 03:30:00', NULL, NULL),
(2, 2, 3, 25, 60, '2024-09-29 03:30:00', NULL, NULL),
(3, 3, 2, 15, 100, '2024-09-29 03:30:00', NULL, NULL),
(4, 4, NULL, 10, 100, '2024-10-05 02:35:44', NULL, 1);

INSERT INTO `DIRECCIONES` (`ID_DIRECCION`, `CALLE`, `NUMERO`, `ID_CIUDAD`) VALUES
(1, 'AV. APOQUINDO', 1234, 1),
(2, 'CALLE LIBERTAD', 456, 2),
(3, 'AV. PROVIDENCIA', 789, 3),
(4, 'AV. COLÓN', 987, 4),
(5, 'CALLE PRAT', 543, 4);

INSERT INTO `EMPRESAS` (`ID_EMPRESA`, `NOMBRE_EMPRESA`, `TELEFONO_EMPRESA`, `CREADO_EN`, `ESTADO`, `USUARIO_ACTUALIZA`, `RUT_EMPRESA`, `ID_DIRECCION`) VALUES
(1, 'TECH SOLUTIONS', 600, '2024-09-29 03:28:58', 1, 1, '76.123.456-7', 1),
(2, 'INNOVATIVE IDEAS', 600, '2024-09-29 03:28:58', 1, 2, '65.789.012-3', 2);

INSERT INTO `ESTADO` (`ID_ESTADO`, `DESCRIPCION_ESTADO`) VALUES
(1, 'ACTIVO'),
(2, 'INACTIVO');

INSERT INTO `HISTORIAL_PRECIOS` (`ID_HISTORIAL_PRECIO`, `ID_PRODUCTO`, `PRECIO`, `FECHA_REGISTRO`) VALUES
(1, 1, 500, '2024-09-29 03:29:38'),
(2, 2, 20, '2024-09-29 03:29:38'),
(3, 3, 30, '2024-09-29 03:29:38'),
(4, 4, 200, '2024-09-29 03:29:38'),
(5, 5, 100, '2024-09-29 03:29:38'),
(6, 6, 150, '2024-09-29 03:29:38'),
(7, 7, 80, '2024-09-29 03:29:38'),
(8, 8, 120, '2024-09-29 03:29:38'),
(9, 9, 50, '2024-09-29 03:29:38'),
(10, 10, 60, '2024-09-29 03:29:38');


INSERT INTO `LOGS_USUARIOS` (`ID_LOG`, `ID_USUARIO`, `ACCION`, `FECHA_ACCION`, `CREADO_EN`) VALUES
(1, 1, 'INICIO DE SESIÓN', '2024-09-29 03:30:22', '2024-09-29 03:30:22'),
(2, 2, 'ACTUALIZACIÓN DE PRODUCTO', '2024-09-29 03:30:22', '2024-09-29 03:30:22'),
(3, 3, 'CREACIÓN DE LOTE', '2024-09-29 03:30:22', '2024-09-29 03:30:22');

INSERT INTO `LOTES_PRODUCTOS` (`ID`, `ID_LOTE`, `ID_PRODUCTO`, `FECHA_VENCIMIENTO`, `CANTIDAD`, `PRECIO_COMPRA`, `PRECIO_VENTA`, `CREADO_EN`) VALUES
(1, 1, 1, '2025-12-31', 20, 450, 500, '2024-09-29 03:29:47'),
(2, 2, 5, '2026-05-15', 15, 90, 100, '2024-09-29 03:29:47'),
(3, 3, 10, '2024-11-20', 50, 55, 60, '2024-09-29 03:29:47');


INSERT INTO `LOTES_VENCIDOS` (`ID_LOTE_VENCIDO`, `ID_LOTE`, `ID_PRODUCTO`, `CANTIDAD_VENCIDA`, `FECHA_VENCIMIENTO`, `FECHA_REGISTRO`) VALUES
(1, 3, 10, 10, '2024-11-20', '2024-09-29 03:30:09');

INSERT INTO `MOVIMIENTOS` (`ID_MOVIMIENTO`, `TIPO_MOVIMIENTO`, `ID_USUARIO`, `NOTA`, `CREADO_EN`, `ID_CATEGORIA`, `ID_TIPO_PAGO`) VALUES
(1, 1, 1, 'ENTRADA DE LAPTOPS AL INVENTARIO', '2024-09-29 03:29:53', 2, 3),
(2, 2, 2, 'SALIDA DE ROUTERS PARA CLIENTE', '2024-09-29 03:29:53', 1, 1),
(3, 1, 4, 'ENTRADA DE IMPRESORAS AL INVENTARIO', '2024-09-29 03:29:53', 1, 1),
(4, 1, 6, 'PRUEBA DE PROCEDIMIENTO', '2024-10-05 02:34:32', 1, 1);

INSERT INTO `PAIS` (`ID_PAIS`, `NOMBRE_PAIS`) VALUES
(1, 'CHILE');

INSERT INTO `PRODUCTOS` (`ID_PRODUCTO`, `NOMBRE_PRODUCTO`, `DESCRIPCION_PRODUCTO`, `UNIDAD_MEDIDA`, `ID_PROVEEDOR`, `ID_EMPRESA`, `CREADO_EN`) VALUES
(1, 'LAPTOP HP', 'LAPTOP HP 15.6 PULGADAS', 3, 1, 1, '2024-09-29 03:29:28'),
(2, 'MOUSE LOGITECH', 'MOUSE INALÁMBRICO LOGITECH', 3, 1, 1, '2024-09-29 03:29:28'),
(3, 'TECLADO MICROSOFT', 'TECLADO ERGONÓMICO MICROSOFT', 3, 1, 1, '2024-09-29 03:29:28'),
(4, 'MONITOR SAMSUNG', 'MONITOR SAMSUNG 24 PULGADAS', 3, 2, 1, '2024-09-29 03:29:28'),
(5, 'IMPRESORA EPSON', 'IMPRESORA MULTIFUNCIÓN EPSON', 3, 1, 2, '2024-09-29 03:29:28'),
(6, 'SILLA ERGONÓMICA', 'SILLA DE OFICINA ERGONÓMICA', 3, 2, 2, '2024-09-29 03:29:28'),
(7, 'ESCRITORIO DE MADERA', 'ESCRITORIO DE OFICINA EN MADERA', 3, 2, 2, '2024-09-29 03:29:28'),
(8, 'PROYECTOR LG', 'PROYECTOR PORTÁTIL LG', 3, 2, 1, '2024-09-29 03:29:28'),
(9, 'CÁMARA WEB LOGITECH', 'CÁMARA WEB HD LOGITECH', 3, 1, 2, '2024-09-29 03:29:28'),
(10, 'ROUTER TP-LINK', 'ROUTER INALÁMBRICO TP-LINK', 3, 2, 1, '2024-09-29 03:29:28');

INSERT INTO `PRODUCTOS_MERMA` (`ID_MERMA`, `ID_PRODUCTO`, `ID_LOTE`, `CANTIDAD`, `RAZON_MERMA`, `DESCRIPCION`, `COSTO_MERMA`, `FECHA_REGISTRO`) VALUES
(1, 1, 1, 5, 1, 'DAÑO EN TRANSPORTE', 2500, '2024-09-29 03:30:30'),
(2, 2, 3, 2, 2, 'DETERIORO POR HUMEDAD', 120, '2024-09-29 03:30:30'),
(3, 3, 2, 3, 3, 'ERROR DE PRODUCCIÓN', 300, '2024-09-29 03:30:30'),
(4, 4, 3, 10, 4, 'PRODUCTO VENCIDO', 600, '2024-09-29 03:30:30');

INSERT INTO `PROVEEDORES` (`ID_PROVEEDOR`, `NOMBRE_PROVEEDOR`, `NOMBRE_CONTACTO`, `TELEFONO_CONTACTO`, `EMAIL_CONTACTO`, `CREADO_EN`, `ID_DIRECCION`) VALUES
(1, 'PROVEEDOR A', 'CARLOS MARTINEZ', '600-111-222', 'CARLOS.MARTINEZ@EXAMPLE.COM', '2024-09-29 03:29:21', 3),
(2, 'PROVEEDOR B', 'ANDREA FERNANDEZ', '600-333-444', 'ANDREA.FERNANDEZ@EXAMPLE.COM', '2024-09-29 03:29:21', 4);

INSERT INTO `RAZON_MERMA` (`ID_RAZON_MERMA`, `DESCRIPCION_RAZON`) VALUES
(1, 'DAÑO FÍSICO'),
(2, 'DETERIORO'),
(3, 'ERROR DE PRODUCCIÓN'),
(4, 'PRODUCTO VENCIDO');

INSERT INTO `REGION` (`ID_REGION`, `NOMBRE_REGION`, `ID_PAIS`) VALUES
(1, 'METROPOLITANA', 1),
(2, 'VALPARAÍSO', 1),
(3, 'BIOBÍO', 1),
(4, 'ANTOFAGASTA', 1);

INSERT INTO `ROL` (`ID_ROL`, `DESCRIPCION_ROL`) VALUES
(1, 'ADMINISTRADOR'),
(2, 'EMPLEADO');

INSERT INTO `TIPO_MOVIMIENTO` (`ID_TIPO_MOVIMIENTO`, `DESCRIPCION_MOVIMIENTO`) VALUES
(1, 'ENTRADA'),
(2, 'SALIDA');

INSERT INTO `TIPO_PAGO` (`ID_TIPO_PAGO`, `DESCRIPCION_PAGO`) VALUES
(1, 'EFECTIVO'),
(2, 'DEBITO'),
(3, 'CREDITO'),
(4, 'TRANSFERENCIA');

INSERT INTO `UNIDAD_MEDIDA` (`ID_UNIDAD_MEDIDA`, `DESCRIPCION_UNIDAD`) VALUES
(1, 'KILOGRAMOS'),
(2, 'LITROS'),
(3, 'UNIDAD');

INSERT INTO `USUARIOS` (`ID_USUARIO`, `NOMBRE_USUARIO`, `EMAIL`, `CONTRASENIA`, `NOMBRE`, `APATERNO`, `AMATERNO`, `TELEFONO`, `CREADO_EN`, `ESTADO`) VALUES
(1, 'MARIO.ROSSI', 'MARIO.ROSSI@EXAMPLE.COM', 'PASS123', 'MARIO', 'ROSSI', 'MARTINEZ', '555-1234', '2024-09-29 03:28:46', 1),
(2, 'LAURA.GOMEZ', 'LAURA.GOMEZ@EXAMPLE.COM', 'PASS123', 'LAURA', 'GOMEZ', 'PEREZ', '555-5678', '2024-09-29 03:28:46', 1),
(3, 'JUAN.LOPEZ', 'JUAN.LOPEZ@EXAMPLE.COM', 'PASS123', 'JUAN', 'LOPEZ', 'FERNANDEZ', '555-9101', '2024-09-29 03:28:46', 1),
(4, 'ANA.SILVA', 'ANA.SILVA@EXAMPLE.COM', 'PASS123', 'ANA', 'SILVA', 'HAWKING', '123456789', '2024-09-29 03:28:46', 1),
(5, 'PEDRO.GARCIA', 'PEDRO.GARCIA@EXAMPLE.COM', 'PASS123', 'PEDRO', 'GARCIA', 'RUIZ', '555-4455', '2024-09-29 03:28:46', 1),
(6, 'SARA.MARTINEZ', 'SARA.MARTINEZ@EXAMPLE.COM', 'PASS123', 'SARA', 'MARTINEZ', 'DIAZ', '555-6677', '2024-09-29 03:28:46', 1),
(7, 'BASTIAN.LEYTON', 'BASTIAN.LEYTON@OPTIFLOW.CL', 'PISCOLITA1234', 'BASTIAN', 'LEYTONN', 'MARDONES', '123123213', '2024-10-02 08:39:56', 1);

INSERT INTO `USUARIO_EMPRESA` (`ID_USUARIO_EMPRESA`, `ID_USUARIO`, `ID_EMPRESA`, `ROL`, `CREADO_EN`) VALUES
(1, 1, 1, 1, '2024-09-29 03:29:08'),
(2, 2, 1, 2, '2024-09-29 03:29:08'),
(3, 3, 1, 2, '2024-09-29 03:29:08'),
(4, 4, 2, 1, '2024-09-29 03:29:08'),
(5, 5, 2, 2, '2024-09-29 03:29:08'),
(6, 6, 2, 2, '2024-09-29 03:29:08'),
(7, 7, 1, 1, '2024-10-03 01:49:02');
